model_size,minimum,median,maximum,allocations,memory_estimate
25,8.52376359e10,8.52376359e10,8.52376359e10,801279779,40133271568
